Osmocom TAC database under CC-BY-SA v3.0 (c) Harald Welte 2016,
tac,model,model2
10196000,SGH-S300
10196800,SGH-S300
10239000,SGH-S300
10508000,S342i
33003600,SGH-250
33003699,SGH-250
35009700,SGH-N100
35009708,SGH-N100
35009726,SGH-N100
35009728,SGH-N100
35009789,SGH-N100
35009790,SGH-N100
35009791,SGH-N100
35009792,SGH-N100
35009900,SGH-800
35012300,SGH-N188
35012345,SGH-N188
35012389,SGH-N188
35012500,SGH-N300
35012526,SGH-N300
35012560,SGH-N300
35012589,SGH-N300
35012600,SGH-A288
35012652,SGH-A288
35012689,SGH-A288
35012700,SGH-A200
35012789,SGH-A200
35012790,SGH-A200
35012791,SGH-A200
35012800,SGH-N300
35012900,SGH-N288
35012989,SGH-N288
35013000,SGH-N400
35013089,SGH-N400
35013090,SGH-N400
35018000,SGH-A100
35018300,SGH-N105
35018389,SGH-N105
35018700,SGH-A300
35018721,SGH-A300
35018726,SGH-A300
35018727,SGH-A300
35018728,SGH-A300
35018750,SGH-A300
35018765,SGH-A300
35018789,SGH-A300
35018790,SGH-A300
35018791,SGH-A300
35018792,SGH-A300
35018793,SGH-A300
35018794,SGH-A300
35018960,K98
35019400,SGH-N200
35019489,SGH-N200
35019500,SGH-R200
35019526,SGH-R200
35019589,SGH-R200
35019800,SGH-A308
35019889,SGH-A308
35030200,SGH-A400
35030201,SGH-A400
35030209,SGH-A400
35030220,SGH-A400
35030288,SGH-A400
35030292,SGH-A400
35030299,SGH-A400
35030700,SGH-A408
35030799,SGH-A408
35046700,SGH-S300
35046712,SGH-S300
35046726,SGH-S300
35046766,SGH-S300
35046789,SGH-S300
35046790,SGH-S300
35047100,SGH-S308
35047108,SGH-S308
35047189,SGH-S308
35062000,K100
35062001,K100
35062200,K7100
35062300,SGH-R210
35062326,SGH-R210
35062380,SGH-R210
35062389,SGH-R210
35062400,SGH-R220
35062408,SGH-R220
35062489,SGH-R220
35013100,K3900
35018900,K98
35065600,SGH-R208
35065689,SGH-R208
35066100,Kejian K200
35070200,K50
35071300,Kejian K60
35072100,SGH-N620
35072108,SGH-N620
35072109,SGH-N620
35072126,SGH-N620
35072189,SGH-N620
35072190,SGH-N620
35072191,SGH-N620
35072200,SGH-N618
35073500,SGH-N350
35073600,SGH-R210
35073626,SGH-R210
35073681,SGH-R210
35073689,SGH-R210
35073700,SGH-R220
35073708,SGH-R220
35073726,SGH-R220
35073789,SGH-R220
35074000,SGH-Q200
35074026,SGH-Q200
35074089,SGH-Q200
35074090,SGH-Q200
35074091,SGH-Q200
35074300,SGH-R200
35074326,SGH-R200
35074350,SGH-R200
35074389,SGH-R200
35075800,Kejian K90
35075860,Kejian K90
35078200,SGH-N628
35078208,SGH-N628
35078289,SGH-N628
35079200,SGH-N600
35079226,SGH-N600
35079289,SGH-N600
35080800,SGH-T108
35080889,SGH-T108
35081600,SGH-N500
35081608,SGH-N500
35081626,SGH-N500
35081627,SGH-N500
35081688,SGH-N500
35081689,SGH-N500
35083400,SGH-Q208
35086000,K320
35086100,SGH-T100
35086118,SGH-T100
35086125,SGH-T100
35086126,SGH-T100
35086127,SGH-T100
35086128,SGH-T100
35086129,SGH-T100
35086181,SGH-T100
35086182,SGH-T100
35086183,SGH-T100
35086189,SGH-T100
35094700,SGH-S100
35094726,SGH-S100
35094789,SGH-S100
35094800,K518
35094860,K518
35094900,SGH-A608
35095100,SGH-T108
35095108,SGH-T108
35095189,SGH-T108
35095500,SGH-A500
35095589,SGH-A500
35097100,SGH-Q300
35097189,SGH-Q300
35100400,SGH-A800
35100426,SGH-A800
35100462,SGH-A800
35100489,SGH-A800
35100491,SGH-A800
35100500,SGH-T208
35100589,SGH-T208
35106400,SGH-T400
35106426,SGH-T400
35106489,SGH-T400
35106500,SGH-T408
35106508,SGH-T408
35106589,SGH-T408
35109400,SGH-T500
35109489,SGH-T500
35109490,SGH-T500
35109500,SGH-T300
35109600,Kejian K528
35113800,SGH-S108
35113889,SGH-S108
35117800,SGH-T410
35117889,SGH-T410
35119400,SGH-V100
35119500,SGH-T200
35119589,SGH-T200
35122200,SGH-T600
35122300,SGH-T608
35122400,SGH-T700
35122500,SGH-T708
35130400,SGH-A808
35130900,SGH-T508
35130989,SGH-T508
35141000,SGH-S200
35141089,SGH-S200
35141090,SGH-S200
35151401,SGH-D830
35156800,SGH-N500
35161301,SGH-i330
35161401,S401i
35162300,SGH-V200
35162301,SGH-V200
35162399,SGH-V200
35162400,SGH-V200
35162500,SGH-V200
35162600,SGH-V200
35166901,SGH-X507
35169801,SGH-X300
35170800,SGH-R210
35172000,SGH-S208
35172100,SGH-S208
35174601,SGH-T809
35176300,SGH-X400
35176900,SGH-S500
35177000,SGH-C100
35179401,S501i
35179700,SGH-E100
35179800,SGH-E100
35179900,SGH-A800
35179901,SGH-D828E
35180000,SGH-A800
35180001,SGH-D900
35180201,SGH-X686
35180900,SGH-R220
35181201,SGH-D908
35181301,SGH-P310
35183100,SGH-P408
35183200,SGH-P408
35183300,SGH-P400
35183400,SGH-P400
35183500,SGH-P400
35183600,SGH-P400
35183700,SGH-A800
35183701,SGH-Z630
35184300,SGH-S508
35186400,SGH-T100
35188900,SGH-V206
35189000,SGH-V208
35189100,SGH-V208
35190401,SGH-X168
35192500,SGH-S508
35193600,SGH-E418
35195900,SGH-S300
35198200,SGH-E600
35199300,SGH-S300
35200001,SGH-X150
35200801,SGH-E370
35205401,SGH-X218
35209200,Kejian K598
35209300,SGH-P100
35209400,Kejian K358
35210900,Kejian K606
35211000,Kejian K606
35212901,SGH-X828
35213001,SGH-X160
35213301,Z650i
35217900,SGH-N620
35219201,SGH-X680
35219401,SGH-X160
35219900,SGH-D100
35220000,SGH-D100
35220100,Kejian K608
35220200,Kejian K608
35222301,SGH-D347T
35223900,SGH-X100
35224000,SGH-V200
35224100,SGH-P400
35224200,SGH-P408
35224300,SGH-P408
35224400,SGH-E105
35228000,SGH-E700
35228700,SGH-X108
35228800,SGH-V200
35228900,SGH-V200
35229000,SGH-E108
35229100,SGH-E108
35230101,SGH-C130
35232000,SGH-D108
35234800,SGH-X430
35234900,Kejian K368
35236100,SGH-A800
35236200,SGH-C100
35236300,SGH-C100
35236400,SGH-C100
35236500,SGH-C108T
35238100,Kejian K618
35238200,Kejian K618
35243401,SGH-E420
35244401,SGH-D900
35246900,SGH-D100A
35247000,SGH-D100A
35247100,SGH-A800
35247200,SGH-A800
35247289,SGH-A800
35247300,SGH-C100
35247400,SGH-C100
35247500,Kejian K618
35247600,Kejian K618
35247700,SGH-S300
35247800,SGH-S300
35247900,SGH-V200
35248000,SGH-V200
35248100,SGH-X450
35248200,SGH-X450
35248300,SGH-X710
35250000,SGH-X718
35254301,SGH-X650
35255100,SGH-X718
35255200,SGH-E708
35255300,SGH-E708
35256800,SGH-D410
35256900,SGH-D410
35257000,SGH-D410
35257401,SGH-X520
35257600,SGH-V200
35258300,SGH-R220
35259300,SGH-Z100
35259400,SGH-R200
35259500,SGH-R200
35261900,SGH-P510
35262000,SGH-X600
35262100,SGH-X600
35262200,SGH-X608
35262300,SGH-X608
35263900,SGH-S408
35265001,SGH-X510
35265101,SGH-X530
35265201,SGH-X210
35269000,SGH-R210
35270601,SGH-X500
35270700,SGH-P108
35270800,SGH-E715
35271400,SGH-i700
35271500,SGH-P705
35274800,SGH-X100
35274900,SGH-N620
35275000,SGH-N620
35278100,SGH-N628E
35279600,SGH-E700A
35280700,SGH-P700
35280800,SGH-X108
35280901,SGH-E390
35283400,SGH-X105
35291700,SGH-S300
35291800,SGH-S300
35291900,SGH-S300
35292000,SGH-D418
35292100,SGH-D418
35296901,SGH-E906
35297001,706SC
35297101,SGH-X510
35298701,SGH-X830
35299200,SGH-T400
35299701,SGH-E570
35301200,SGH-X600A
35301300,SGH-X600A
35301400,SGH-X100A
35301500,SGH-X100A
35301600,SGH-E100A
35303900,SGH-V200
35307000,SGH-V200
35307100,SGH-X450
35307200,SGH-X458
35311901,SGH-X640
35312900,SGH-E700
35313000,SGH-E700
35313001,SGH-E900
35313100,SGH-E700
35313200,SGH-E700
35313201,SGH-E700
35313300,SGH-E700
35313301,SGH-E700
35313401,SGH-D520
35315301,SGH-E250
35315601,SGH-C300
35316001,SGH-P940
35318401,SGH-A617
35320000,SGH-i505
35321900,SGH-X605
35322500,SGH-E300
35324000,SGH-A790
35326100,SGH-S500
35327800,SGH-X105
35328700,SGH-A800
35328800,SGH-A800
35331800,SGH-W120
35331900,SGH-W120
35332000,SGH-W110
35332100,SGH-W110
35334800,SPH-W1100
35334900,SPH-W1200
35335901,SGH-D828E
35336101,SGH-i321
35336901,SCH-W569
35337001,SCH-W569
35341901,SGH-E496L
35342001,SGH-E490L
35344301,SGH-C400L
35344401,SGH-D900
35346600,SGH-X108
35346700,SGH-X100
35346800,SGH-X100
35346900,SGH-X100
35347000,SGH-D108
35348101,SGH-X200
35348201,SGH-T519
35348501,SGH-A401
35354001,SGH-X840
35354201,SGH-X166
35354900,SGH-Z105
35356601,SGH-X660
35357800,SGH-A800
35358600,SGH-E308
35358700,SGH-E308
35358800,SGH-C100
35358900,SGH-A800
35360400,SGH-X600
35360500,SGH-X600
35360600,SGH-R210
35361900,SGH-D410C
35362000,SGH-D410C
35362100,SGH-D410C
35362200,SGH-E810
35365500,SGH-C110
35367000,SGH-E100
35367100,SGH-E700
35367200,SGH-E318
35367300,SGH-E310C
35367400,SGH-E310
35367500,SGH-X100
35377701,SGH-A707
35380100,SGH-E820
35380200,SGH-E820
35380300,SGH-W109
35381000,SGH-P518
35382501,SGH-C408
35384501,SGH-E900
35385800,SGH-I530
35392100,SGH-P730
35392200,SGH-P730
35392300,SGH-E830
35392400,SGH-E715
35396300,SGH-R220
35396400,SGH-X105
35402300,SGH-X458
35405601,SGH-X820
35406200,SGH-T108
35406300,SGH-C200
35414700,SGH-Z105U
35415900,SGH-E800
35416000,E800
35419700,SGH-S341i
35426601,SGH-X160
35427300,SGH-X460
35429700,SGH-Z107
35429901,SGH-D900
35430000,SGH-E330
35436300,SGH-N700
35444701,SGH-X680
35445100,SGH-X610
35453100,SGH-S500
35453200,SGH-X450
35455400,SGH-A800
35455500,SGH-X450
35455600,SGH-E800
35462700,SGH-Z107V
35463301,SGH-X510
35467601,SGH-C300
35471001,SGH-X530
35471101,SGH-E900
35473100,SGH-Z107V
35479300,SGH-Z107
35479700,SGH-E850
35484200,SGH-E600
35485900,SGH-E630
35491400,SGH-E600
35505700,SGH-D500
35505800,SGH-D500
35508801,SGH-D900
35525301,SGH-U600
35528700,SGH-E720
35528800,SGH-E720
35536501,SGH-E250
35542900,SGH-X450
35544800,SGH-D500E
35550700,SGH-X430
35557700,SGH-A800
35571400,SGH-X480
35576300,SGH-X460
35580001,SGH-X160
35585400,SGH-E330
35589300,SGH-D500C
35589800,SGH-X620
35589900,SGH-X640
35590900,SGH-Z500
35591100,SGH-Z300
35597000,SGH-E310
35598600,SGH-X460
35600000,SGH-E330
35602400,SGH-D500
35608000,SGH-E330
35609400,SGH-D500
35609500,SGH-D500
35609600,SGH-D500
35609700,SGH-D500
35609800,SGH-D500
35611901,SGH-E900
35612600,SGH-E880
35615700,SGH-E620
35615800,SGH-E730
35643000,SGH-E340
35645500,S410i
35651100,E530
35651600,SGH-X480
35656300,SGH-E330
35658900,SGH-ZV30
35669000,X640
35675400,SGH-Z140
35675500,SGH-Z300
35678000,SGH-X480
35678100,SGH-X480
35689100,SGH-E630
35689300,SGH-X700
35702600,SGH-D720
35710200,SGH-E330N
35711100,X640
35711200,SGH-D600
35711400,SGH-D600E
35712100,E350
35712200,SGH-X800
35712800,SGH-D730
35715800,SGH-ZV10
35717500,S500i
35720500,SGH-3760
35730500,SGH-X460
35730600,SGH-i300
35732100,SGH-X495
35732900,SGH-E680V
35736200,SGH-T309
35746900,SGH-Z510
35747000,S400i
35747400,SGH-C120
35752300,SGH-X810
35753400,SGH-X660
35771500,SGH-X200
35773800,SGH-E330
35774600,SGH-E360
35776900,SGH-Z310
35777000,SGH-X150
35781200,SGH-D800
35783500,SGH-T309
35790800,SGH-P300
35797800,X640
35799100,SGH-E770
35799300,SGH-X660
35799400,SGH-X660
35799500,SGH-X660
35806100,SGH-D500
35806600,E530
35806700,SGH-E910
35807300,SGH-X660
35819100,SGH-E730
35822300,SGH-D600
35822400,SGH-D600
35822500,SGH-T809
35833200,SGH-X670
35842900,SGH-X150
35844500,SGH-X300
35853200,SGH-X200
35854200,X640
35854300,SGH-Z300
35857300,SGH-P850
35863600,SGH-X650
35894800,SGH-E780
35901500,SGH-D520
35901701,SGH-i300
35903500,SGH-E370
35911200,SGH-X200
35914100,SGH-D528
35914700,SGH-E879
35916800,SGH-X656
35927600,D600
35927700,SGH-D600
35927800,SGH-D600
35927900,SGH-E350
35928000,SGH-E350E
35928100,SGH-X200
35930800,SGH-X820
35932000,SGH-Z710
35965100,SGH-X680
35968000,SGH-D840
35977900,SGH-X500
35978100,SGH-Z400
35978200,SGH-X160
35978400,SGH-X210
35984100,SGH-Z400V
35988200,SGH-E900
35989400,SGH-E380
35993700,SGH-D500
35993900,SGH-X640
35994100,SGH-i320
35994200,SGH-Z560
35996900,SGH-Z540V
35565801,SGH-L760
44796700,SGH 400
44796789,SGH-A400
44831500,SGH-600
44831526,SGH-N600
44831527,SGH-N600
44831589,SGH-N600
44831590,SGH-N600
44831591,SGH-N600
44831592,SGH-N600
44831593,SGH-N600
44831594,SGH-N600
44831595,SGH-N600
44846400,SGH-550
44846500,SGH-500
44846589,SGH-500
44866300,SGH-600C
44866389,SGH-600C
44866390,SGH-600C
44866391,SGH-600C
44911500,SGH-2100P
44911600,SGH-600E
44911700,SGH-800
44911789,SGH-800
44914100,SGH-2100C
44916200,SGH-810
44916252,SGH-810
44916289,SGH-810
44917800,SGH-2400
44917826,SGH-2400
44917880,SGH-2400
44917889,SGH-2400
44917890,SGH-2400
44917891,SGH-2400
44917892,SGH-2400
44917893,SGH-2400
44917900,SGH-2100
44917989,SGH-2100
44932000,SGH-2488
44932089,SGH-2488
44969500,SGH-800C
44969589,SGH-800C
44969800,SGH-601C
44972600,SGH-2100
44972689,SGH-2100
50000100,SGH-1840
52001400,SGH-2200
52001489,SGH-2200
52001490,SGH-2200
52002800,SGH-2300
52002801,SGH-2300
52002802,SGH-2300
52002889,SGH-2300
52002890,SGH-A100
52002898,SGH-2300
52002899,SGH-2300
52004400,SGH-2200C
52025400,SGH-A110
52025499,SGH-A110
52025500,SGH-A188
52025599,SGH-A188
52026000,SGH-M110
52026100,SGH-M188
52031700,SGH-Q100
52031799,SGH-Q100
33002400,SGH-200
34498102,SGH-M140
34935400,SGH-D410
35004300,SGH-2210
35004400,SGH-2410
35245805,GT-E1200M
35288702,SGH-M610
35157501,SGH-D407
35157502,SGH-L770
35157702,SGH-T639
35157802,SGH-F490
35157902,SGH-L310
35166503,SGH-U600G
35166603,SGH-D900i
35168803,SGH-S5200
35169701,SGH-T809
35171102,SGH-F210
35174901,SGH-X670
35175101,SGH-X166
35176703,SGH-E2510
35182602,SGH-M120
35187202,SGH-F480
35189102,SGH-G600
35190702,SGH-D900i
35191403,SGH-T919 Behold
35191503,SGH-T919 Behold
35197801,SGH-Z370
35200101,SGH-D807
35200301,SGH-E900
35202803,SGH-S8000
35206001,SGH-C240
35206901,SGH-Z230
35213502,SGH-M620
35214002,SGH-L770
35218803,SGH-J770
35219301,SGH-C130
35219501,SGH-X210
35221203,S5230 Star
35222802,SGH-T229
35224002,SGH-C300
35235301,SGH-E376
35238502,SGH-P960
35243602,SGH-D407
35244202,U900 Soul
35244701,SGH-E890
35244903,SGH-F480
35245003,SGH-J700
35248501,SGH-X520
35254602,SGH-i200
35255001,SGH-X210
35255101,SGH-F300
35256202,SGH-E250
35256301,SGH-T509
35256302,SGH-G400 Soul
35258103,SGH-E1100 Guru
35264103,SGH GT-S5600
35265102,SGH-M310
35265202,SGH-B300
35265302,SGH-M200
35266001,SGH-E790
35268501,SGH-X507
35269302,SGH-J700
35269501,SGH-Z360
35269502,SGH-J150
35271101,SGH-C417
35274703,SGH-J700
35279401,i607 BlackJack
35281902,SGH-I900 Omnia
35282603,M7600 Beat DJ
35282902,i907 Epix
35285202,SGH-F250
35288902,SGH-F400
35290101,SGH-T619
35290301,SGH-T639
35290401,SGH-T619
35295902,SGH-M610
35299901,SoftBank 707SC
35300502,SGH-U600
35303701,SGH-X540
35305603,SGH-F480
35305702,SGH-A561
35306103,T459 Gravity
35307302,SGH-U700
35307502,SGH-i450
35310301,SGH-A707
35310401,SGH-Z560
35311201,SGH-D406
35313801,SGH-I600
35318002,SGH-T339
35320502,U900 Soul
35321001,SGH-E890
35321101,SCH-W531
35324402,SGH-E251
35329402,SGH-J700
35329802,SGH-F490
35330601,SGH-i718
35331202,SGH-J600
35331801,SGH-E490
35332902,SGH-L760
35335001,SGH-I600
35337303,SGH-C3010
35338502,SGH-J700
35338901,SCH-I830
35342102,L810v Steel
35343902,SGH-E250
35344102,SGH-E250
35345201,SGH-E250
35346301,SGH-E250
35349401,SGH-E590
35349601,SGH-E830
35350901,SGH-X550
35356602,SGH-L760
35358203,SGH-C3050
35360402,SGH-B100
35366602,SGH-L760
35366702,SGH-B100
35367002,SGH-F480
35367102,SGH-C260
35367502,SGH-J600
35370101,SGH-E480
35371201,SGH-C140
35374002,SGH-J700
35374202,SGH-E215
35382601,SGH-Z240
35383401,SGH-T339
35384601,SGH-E360
35386502,SGH-U900
35386702,SGH-C140
35388202,SGH-G600
35388302,SGH-U700
35389801,SGH-A727
35390302,SGH-F250
35399901,SGH-C170
35400401,SGH-E256
35409302,SGH-F480
35409402,SGH-A737
35415500,SGH-X120
35417701,SGH-F310 B+O Serenata
35420702,SGH-J700
35420801,SGH-C160
35422301,SGH-T329
35422401,SGH-E200
35423703,SGH-E1310b
35425802,SGH-J700
35426501,SGH-E370
35431601,SGH-E210
35431701,SGH-C260
35432102,SGH-T919 Behold
35432201,SGH-E370
35434902,SGH-P270
35435002,SGH-F250
35440102,SGH-D980
35444601,SGH-X680
35446202,SGH-D780
35446502,SGH-I780
35446503,SGH-T559
35448100,SGH-D300
35448300,SGH-C100
35452202,SGH-S7330
35452302,SGH-D880
35452402,SGH-D880
35454902,i8510 INNOV8
35455803,SGH-E250I
35457601,SGH-E740
35461001,SGH-X510
35462602,SGH-B320
35462702,M3510 Beat b
35463401,SGH-X830
35464002,SGH-M150
35466401,SGH-C260
35471002,SGH-C520
35471400,SGH-C200
35471500,SGH-C200
35471902,i907 Epix
35473102,SGH-I617 BlackJack2
35473202,SGH-E250
35473501,SGH-J750
35475802,SGH-M310
35475902,SGH-M310
35476002,SGH-E250
35485701,SGH-C266
35486200,SGH-E630
35488901,SGH-Z170
35489001,SGH-D900i
35491901,SGH-ZV60
35493201,SGH-E250
35494501,SGH-X520
35497601,SGH-E250
35497801,SGH-E250
35498502,SGH-C260
35498600,SGH-C100
35499302,U810 Renown
35499601,SGH-T629
35509201,SGH-C300
35509301,SGH-E840
35511201,SGH-X836
35513802,SGH-B130
35515601,SGH-U800 Soul b
35515802,SGH-B200
35517400,SGH-X460
35517803,S5230 Star
35517903,SGH-S5233 Star
35519501,SGH-T329
35524302,U900 Soul
35524501,SGH-T639
35524801,SGH-Z240
35524902,SGH-B300
35525101,SGH-X836
35525800,SGH-E338
35526101,SGH-U700
35526201,SGH-U700
35533900,SGH-E710
35536801,SGH-C260
35538101,SGH-M600
35539302,SGH-D900i
35539402,S5600 Preston
35539801,SGH-C140
35539802,SGH-B130
35539901,SGH-C140
35543100,SGH-P730C
35544900,SGH-Z130
35545801,SGH-A707
35546001,i607 BlackJack
35546401,SGH-J400
35546402,SGH-J400
35546601,SGH-U100 Ultra Edition II
35546800,SGH-C200
35546802,SGH-E215
35549201,SGH-i400
35549401,SGH-D807
35549402,SGH-I900 Omnia
35552402,SGH-U100 Ultra Edition II
35552702,SGH-T429
35556702,SGH-C260
35556902,SGH-L700
35558201,SGH-J600
35559501,SGH-S720i
35561002,A767 Propel
35561601,SGH-F230
35565401,SGH-D900i
35565501,SGH-A727
35568302,SGH-G600
35573301,SGH-C426
35575301,SGH-i718
35576202,SGH-D780
35576402,SGH-D888
35576502,SGH-D880
35577702,SGH-B520
35578901,SGH-E250
35579501,SGH-T819
35581101,SGH-M610
35584302,A867 Eternity
35585301,SGH-E250
35585701,SGH-F200
35586901,SGH-Z248
35588102,SGH-T429
35597401,SGH-C420
35599002,U900 Soul
35599201,SGH-A737
35599601,SGH-C500
35599801,SGH-U600
35601403,SGH-C270
35602500,SGH-X486
35602901,SGH-X650
35603001,SGH-E900
35603101,SGH-E250
35603201,SGH-E250
35604102,SGH-I900 Omnia
35607001,SGH-E250
35607501,SGH-E250
35607601,SGH-E250
35608300,SGH-E700
35608302,SGH-F400
35614302,SGH-B520
35615102,SGH-E250
35615202,SGH-E250
35615302,SGH-E250
35615402,SGH-E250
35615901,SGH-P260
35616600,SGH-C210
35617401,SGH-i620
35618102,SGH-F480
35620401,SGH-J610
35624901,SGH-A706
35626300,SGH-E720
35626900,SGH-X450
35632502,M8800 Pixon
35634101,SGH-P520 Armani
35634702,T459 Gravity
35635902,M7500 Emporio Armani
35636101,SGH-A437
35636301,SGH-C180
35636401,SGH-T639
35637301,SGH-E950
35645600,SGH-Z500
35650301,SGH-F210
35652801,SGH-C170
35653802,SGH-S3600
35654301,SGH-E840
35655501,SGH-M300
35655601,SGH-M300
35659401,SGH-J750
35660301,SGH-L760
35660302,SGH-F275
35660401,SGH-L760
35660901,SGH-C450
35664202,SGH-B270
35669100,SGH-X640
35669802,SGH-M110
35670001,SGH-E250
35670201,SGH-C260
35671203,SGH-S5230
35675800,SGH-C230
35677101,SGH-F330
35677301,SGH-G600
35681200,SGH-E608
35681800,SGH-P207
35693201,SGH-C160
35693900,SGH-X497
35694302,SGH-E210
35695001,SGH-T509
35699000,SGH-E335
35702400,SGH-E350
35702701,SGH-A411
35704501,SGH-J200
35710201,SGH-U100 Ultra Edition II
35711701,SGH-T439
35713202,SGH-M310
35713302,SGH-C260
35713901,SGH-M300
35714001,SGH-M300
35716700,SGH-C230
35717201,SGH-J600
35717301,SGH-D880
35717801,SGH-D880
35724102,SGH-E2510
35724202,SGH-U700
35724601,SGH-I617 BlackJack2
35725901,SGH-C160
35727001,SGH-F110 Adidas miCoach
35728300,SGH-C210
35729001,SGH-G810
35734200,SGH-X490
35734802,SGH-U700
35735301,SGH-i450
35737801,SGH-J400
35741200,SGH-X130
35742901,SGH-B500
35744502,SGH-M150
35744701,SGH-A707
35744801,SGH-C140
35744901,SGH-C260
35745000,SGH-X480
35745001,SGH-C300
35745101,SGH-E250
35745301,SGH-M300
35745401,SGH-X510
35745501,SGH-I780
35748201,SGH-i550
35750701,SGH-C170
35754801,SGH-C520
35755101,SGH-I616 Jack
35757202,J800 Luxe
35757702,T459 Gravity
35759602,SGH-B320
35768003,SGH-C3050
35771400,SGH-X200
35772302,SGH-J700
35772402,SGH-D900i
35775500,SGH-X156
35780000,SGH-Z320i
35780502,SGH-L700
35780602,SGH-J700
35781302,SGH-F480
35785401,SGH-E250
35785501,SGH-X160
35791002,SGH-C170
35793501,SGH-U600
35793601,SGH-M600
35794801,SGH-E200
35795103,S5230 Star
35795203,S5230 Star
35795303,SGH-S5230
35795601,SGH-G800
35796801,SGH-G800
35798101,SGH-F250
35799102,SGH-T229
35799900,SGH-N710
35801301,SGH-E900
35801401,SGH-D900i
35806200,SGH-D500
35807600,SGH-X150
35808102,SGH-S3310
35810501,SGH-U600
35811800,SGH-X660
35812301,SGH-i560
35812801,SGH-F700
35813202,SGH-S3500
35813401,SGH-C426
35813602,SGH-T919 Behold
35815800,SGH-D347
35815801,SGH-A517
35815900,SGH-D600
35817600,SGH-X156
35817601,SGH-M110
35817700,SGH-X620
35817800,SGH-X636
35819200,SGH-X497
35821001,SGH-C620
35822401,SGH-C180
35822402,SGH-L700
35827301,SGH-L170
35827700,SGH-E700
35829401,SGH-A437
35829501,SGH-E250
35829601,SGH-E250
35829701,SGH-E250
35829801,SGH-E250
35829901,SGH-A707
35839802,SGH-B300
35840202,SGH-D880
35840302,SGH-C300
35840402,SGH-M620
35840502,SGH-C260
35844102,SGH-E1410
35844202,A767 Propel
35844401,SGH-F700
35844402,SGH-E1117
35846400,SGH-Z540V
35848702,SGH-E1110
35851900,SGH-D807
35855400,SGH-D600
35856401,SGH-C450
35856702,SGH-B2100
35857200,SGH-E770
35862201,SGH-i560
35864600,SCH-I830
35868901,SGH-E747
35871902,SGH-E250
35872002,SGH-J700
35873102,SGH-A437
35873300,SGH-X497
35873602,SGH-T919 Behold
35874102,i8910 Omnia HD
35880301,SGH-U100 Ultra Edition II
35880701,SGH-J200
35889400,SGH-E600
35892202,SGH-L700
35892402,SGH-S3600
35894901,SGH-E210
35895500,SGH-P200
35901600,SGH-Z150
35901700,SGH-i300
35901800,SGH-E770
35903600,SGH-T509
35904002,SGH-B130
35904102,SGH-E250
35904302,S8300 UltraTOUCH
35908101,SGH-i450
35909800,SGH-E700
35910301,SGH-B100
35911300,SGH-X460
35913600,SGH-E700
35915000,SGH-E700
35917400,SGH-P910
35919701,SGH-E250
35921700,SGH-X630
35924001,SGH-E840
35926801,SGH-E250
35927001,SGH-T639
35927201,SGH-E700
35929100,SGH-C120
35931200,SGH-ZV40
35932401,SGH-A517
35943000,SGH-P900
35943601,SGH-D900i
35945801,i607 BlackJack
35949202,SGH-S5050 P
35949602,SGH-E250
35954800,SGH-Z540
35959301,SGH-X576
35959302,SGH-E250
35960000,SGH-T209
35960200,SGH-T209
35960300,SGH-T209
35960400,SGH-T319
35960500,SGH-T319
35962601,SGH-E840
35963700,SGH-E500
35965402,SGH-F480
35967301,SGH-A737
35968801,SGH-E250
35969302,SGH-J700
35969601,SGH-U700 Ultra Edition II
35975001,SGH-E900
35976101,SGH-D900i
35977101,SGH-C170
35977201,SGH-C260
35977301,SGH-C260
35977401,SGH-C520
35977601,SGH-E250
35977701,SGH-J600
35978300,SGH-X160
35978801,SGH-F250
35980402,SGH-E1120
35984300,SGH-X460
35985600,SGH-T509
35987002,SGH-B270
35987200,SGH-X820
35991000,SGH-X680
35991301,SGH-J700
35991501,SGH-U600
36367102,SGH-C260
35000000,SM-J700F
35170507,SM-G530FZ
35170807,SM-G800F
35175104,GT-I9000
35177606,SM-N9005
35188106,SM-G900T
35194106,GT-I9300
35200505,GT-I9300
35205205,GT-S6500D
35212306,SM-G7105
35214807,SM-G920F
35216705,Galaxy Note N7000
35218405,GT-I9070
35230206,GT-S7392
35231506,GT-I9305
35246707,SM-G318HZ
35255806,SM-G900F
35260505,GT-I9100
35261206,GT-I9300
35270205,SGH-I547
35283007,SM-J100H
35283207,SM-G530H
35283606,GT-I9505
35291306,GT-S7580
35312107,SM-G928C
35316405,GT-I9300
35316605,GT-I9300
35322206,SM-G900F
35341206,GT-I9300
35360907,SM-G920F
35362107,SM-G925F
35371905,GT-I9300
35380106,SM-G900F
35381805,GT-I9300
35387607,SM-N920A
35402105,GT-I9260
35402707,SM-N9005
35420106,SM-N910F
35431205,GT-S6500
35435007,SM-G361F
35445107,SM-G530A
35460907,SM-G531F
35488606,SM-G900F
35489906,GT-I9195
35492605,I9500 Fraser
35500707,SM-G800F
35502407,SM-G360T1
35517205,GT-I9505
35520606,SM-G900FD
35525805,GT-I8190L
35526907,SM-J500FN
35530806,SM-G313HZ
35544805,GT-S6810
35559005,GT-S6810L
35563707,SM-G360T1
35582806,SM-G901F
35583506,GT-I9301I
35584706,GT-I9515
35591107,SM-G935P
35592104,Nexus S
35592207,SM-G920F
35596006,GT-I9195
35614506,SM-G313HN
35616107,SM-A310F
35642207,SM-G890A
35656405,GT-N5100
35690006,SM-N910F
35709706,SM-N915FY
35722106,SM-N910F
35733907,SM-J500FN
35737805,GT-I9300
35737906,SM-G530FZ
35746006,SM-G925F
35750605,GT-I9505
35752305,SM-N9008
35752806,SM-G350
35763405,GT-I9505
35776507,SM-A510F
35796305,GT-I9192
35801806,GT-I9195I
35818705,GT-I9300
35818805,GT-I9505
35831006,SM-T231
35840104,GT-I9100G
35840206,SM-J200H
35854806,SM-A500H
35894506,SM-J100M
35902104,GT-I9100
35904005,GT-I9300
35904006,SM-G355H
35904105,GT-I9190
35909004,GT-I9100
35910905,SM-T211
35913506,SM-G360T
35935406,SM-G360T1
35946906,SM-A500FU
35958504,GT-I9100
35961604,Galaxy Note N7000
35965506,SM-A300FU
35982906,SM-T817T
35990006,SM-A500FU
50787172,SM-N900A
99000115,SCH-I535
99000337,SPH-L720
99000343,SCH-I545
99000444,SPH-L720T
99000447,SM-G900P
99000452,SM-G900P
99000470,SM-N910P
99000474,SM-N910P
99000491,SM-G900P
99000579,SM-G920P
99000590,SM-G360V
99000696,SM-G900P
35494804,GT-B3740
35503104,Nexus S
35783603,GT-B5310
35800104,Galaxy S
35472604,GT-E1080i
35839804,Galaxy Xcover
35174605,GALAXY Nexus
35479505,Galaxy Tab 2 7.0 GSM
35397505,Galaxy S III
35255704,SGH-S5230
35954804,Galaxy Note N7000
35172205,Galaxy Plus
35372606,Galaxy S5
35360805,SGH-S5230
35804804,GALAXY mini
35342508,SM-G930V
35155907,SM-G920W8
35328506,SM-G900H
35407705,GT-P5100
35525807,SM-J320P
35526604,GALAXY Nexus
35542805,GT-N7105
35598305,GT-I9105
35627507,SM-G531F
35642705,GT-I9506
35757205,SM-N900A
35952206,SM-G925F
35966906,SM-G925I
99000580,SM-S820L
10449733,SM-G925F
35171808,SM-A910F
35214907,SM-N910C
35232608,SM-G930A
35262108,SM-J510FN
35275006,GT-I9301I
35282806,SM-N9005
35283006,SM-P605
35316705,GT-I9300
35361207,SM-N920I
35368206,SM-G900T
35369006,SM-G355HN
35375307,SM-G928T
35426905,GT-N7100
35469606,SM-G386W
35505605,GT-N7100
35559105,GT-S6810B
35564407,SM-G531H
35642007,SM-G925F
35655405,SGH-I537
35681207,SM-J111M
35701107,SM-G920F
35733007,SM-G935F
35739705,SM-T311
35794906,GT-I9192I
35816607,SM-G935V
35925907,SM-S120VL
35935622,SM-G530H
35945707,SM-G935F
35946206,SM-G920T
35959507,SM-N930W8
35987806,SM-G920F
99000333,SCH-R530C
99000495,SM-N910P
99000591,SM-J100VPP
35116947,SM-G900F
35272508,SM-J320F
35401705,GT-I9300
35532406,SM-N9106W
35637706,SM-A300F
35672207,SM-A5108
35733104,GALAXY Gio
35751805,SM-N900T
35774306,SM-G920A
35827106,SM-E500H
35851107,SM-G550T
35898607,SM-J320H
35970105,SM-T111
35377308,SM-G935F
35530606,Galaxy Note 4
35815207,Galaxy S7
35182707,A310F
35837404,Xcover 2
35650806,GT-1272LKASER
35650706,GT-E1272LKASER
35733204,GALAXY Gio
35200309,Galaxy Note 8 LTE
35917610,SM-A105F/DS (SIM2)
35917510,SM-A105F/DS (SIM2)
35568311,SM-A107F/DS (SIM2)
35568211,SM-A107F/DS (SIM2)
35332610,SM-G960F/DS (SIM2)
35332510,SM-G960F/DS (SIM2)
35469911,SM-A115F/DSN (SIM2)
35469811,SM-A115F/DSN (SIM2)
35159811,SM-A307FN/DS (SIM2)
35159711,SM-A307FN/DS (SIM2)
35342111,SM-A107F/DS (SIM2)
35342011,SM-A107F/DS (SIM2)
35635708,SM-G960N
35352409,SM-G960N
35571110,SM-A205FN/DS (SIM2)
35571010,SM-A205FN/DS (SIM2)
35153205,Duos GT-3782 (SIM2)
35153105,Duos GT-3782 (SIM1)
35322911,SM-A202F
35255111,SM-A405FN
35787010,SM-A405FN
35322811,SM-A202F
35795510,SM-A105F/DS (SIM2)
35795610,SM-A105F/DS (SIM2)
35642409,Galaxy A6+
35589409,G960
35357505,GT-I9305
35211005,GT-I9100G
35694605,GT-I8730
35158611,SM-A115F/DSN (SIM2)
35195305,GT-E1080
35904108,SM-G960N
35664610,A50
35345678,Galaxy Note8
35815007,Galaxy S7
99000478,SM-A5009
35472708,SM-S727VL
35260109,Galaxy S7
35302405,Galaxy S III T999
35679504,Gravity TXT T379
35524502,SGH-L170
35824901,SGH-J600E
35752600,SGH-i750
35560005,GT-S5360
35859003,GT-S5350
35204705,GT-E1200M
35902100,Galaxy S II
35424305,Galaxy
35275005,B2100
35067889,SM-A515F/DSN
35801905,GT-P3100 Galaxy Tab 2 7.0 3G 32GB
35800207,SM-J500F/DS Galaxy J5 Duos TD-LTE
35800107,SM-J500F/DS Galaxy J5 Duos TD-LTE
35360307,SM-J100H/DS Galaxy J1 Duos
35360207,SM-J100H/DS Galaxy J1 Duos
35753906,SM-J100H
35362709,Galaxy A5 (2017)
35561610,SM-A205FN/DS (SIM2)
35603310,SM-G970U
35764412,SM-S918U,SM-S918U1
35871071,SM-S918B
35579646,SM-S908U,SM-S908U1
35853313,SM-S908B
35443359,SM-G998U,SM-G998U1
35604429,SM-A546U,SM-A546U1
35283865,SM-A546E
35162868,SM-S711U,SM-S711U1
35555251,SM-S911U,SM-S911U1
35552064,SM-S916U,SM-S916U1
35054546,SM-A146U,SM-A146U1
35010221,SM-G990U,SM-G990U1
35691988,SM-S901U,SM-S901U1
35604539,SM-S901B
35077953,SM-S906U,SM-S906U1
35722169,SM-G991U,SM-G991U1
35379961,SM-G996U,SM-G996U1
35260976,SM-A536U,SM-A536U1
35381935,SM-N986U,SM-N986U1
35004331,SM-N981U,SM-N981U1
35458644,SM-G781U,SM-G781U1
35426811,SM-G981U,SM-G981U1
35164844,SM-A346B
35557942,SM-P615
35136403,SM-A528B
35151894,SM-A226B
35412080,SM-A236B
35827732,SM-X716B
35895769,SM-X906B
35001390,SM-A336B
35549089,SM-A536B
35075648,SM-A546B
35282829,SM-A736B
35861531,SM-S711B
35234911,SM-A515F
35905189,SM-A145R
35883293,SCV49
35556876,SM-M526BR
35832080,SM-M526B
35199229,SM-A546S
35009071,SM-A546E
35404988,SM-A528N
35259950,SM-A528B

